{"Ridge Regression": 11.873673424968693, "Lasso Regression": 3.505612817587643, "Elastic Net Regression": 2.8830400032412684, "Linear Regression": 13.311175037912395, "Bayesian Regression": 13.290350748394168, "SVR": 5.686943850173018, "Decision Tree Regression": 13.37, "Random Forest Regression": 11.408499999999997, "XGBoost Regression": 9.98183822631836, "K-Nearest Neighbors Regression": 5.002, "MLP Regression": 10.176528589284164, "Gradient Boosting Regression": 9.803537155102706}